<component name="libraryTable">
  <library name="appcompat-v7-25.3.1">
    <CLASSES>
      <root url="file://$USER_HOME$/.android/build-cache/b2817038224b41832bd93250b3027cfce9aee63a/output/res" />
      <root url="jar://$USER_HOME$/.android/build-cache/b2817038224b41832bd93250b3027cfce9aee63a/output/jars/classes.jar!/" />
    </CLASSES>
    <JAVADOC />
    <SOURCES>
      <root url="jar://$USER_HOME$/AppData/Local/Android/sdk/extras/android/m2repository/com/android/support/appcompat-v7/25.3.1/appcompat-v7-25.3.1-sources.jar!/" />
    </SOURCES>
  </library>
</component>