<component name="libraryTable">
  <library name="espresso-idling-resource-2.2.2">
    <CLASSES>
      <root url="file://$USER_HOME$/.android/build-cache/f22435d28d5bebcf27f1f4ebcb639ace8be65fee/output/res" />
      <root url="jar://$USER_HOME$/.android/build-cache/f22435d28d5bebcf27f1f4ebcb639ace8be65fee/output/jars/classes.jar!/" />
    </CLASSES>
    <JAVADOC />
    <SOURCES>
      <root url="jar://$USER_HOME$/AppData/Local/Android/sdk/extras/android/m2repository/com/android/support/test/espresso/espresso-idling-resource/2.2.2/espresso-idling-resource-2.2.2-sources.jar!/" />
    </SOURCES>
  </library>
</component>