<component name="libraryTable">
  <library name="espresso-core-2.2.2">
    <CLASSES>
      <root url="file://$USER_HOME$/.android/build-cache/d0382e2a3a83f8c93968b51b978212ce9c6c5b45/output/res" />
      <root url="jar://$USER_HOME$/.android/build-cache/d0382e2a3a83f8c93968b51b978212ce9c6c5b45/output/jars/classes.jar!/" />
    </CLASSES>
    <JAVADOC />
    <SOURCES>
      <root url="jar://$USER_HOME$/AppData/Local/Android/sdk/extras/android/m2repository/com/android/support/test/espresso/espresso-core/2.2.2/espresso-core-2.2.2-sources.jar!/" />
    </SOURCES>
  </library>
</component>