<component name="libraryTable">
  <library name="exposed-instrumentation-api-publish-0.5">
    <CLASSES>
      <root url="file://$USER_HOME$/.android/build-cache/3c2a553d5ad31e3df9e45dfab5a74f90ed1761c5/output/res" />
      <root url="jar://$USER_HOME$/.android/build-cache/3c2a553d5ad31e3df9e45dfab5a74f90ed1761c5/output/jars/classes.jar!/" />
    </CLASSES>
    <JAVADOC />
    <SOURCES>
      <root url="jar://$USER_HOME$/AppData/Local/Android/sdk/extras/android/m2repository/com/android/support/test/exposed-instrumentation-api-publish/0.5/exposed-instrumentation-api-publish-0.5-sources.jar!/" />
    </SOURCES>
  </library>
</component>