<component name="libraryTable">
  <library name="rules-0.5">
    <CLASSES>
      <root url="jar://$USER_HOME$/.android/build-cache/c941b6207f9a7b028e1d4c23fcfbc5b7892a903e/output/jars/classes.jar!/" />
      <root url="file://$USER_HOME$/.android/build-cache/c941b6207f9a7b028e1d4c23fcfbc5b7892a903e/output/res" />
    </CLASSES>
    <JAVADOC />
    <SOURCES>
      <root url="jar://$USER_HOME$/AppData/Local/Android/sdk/extras/android/m2repository/com/android/support/test/rules/0.5/rules-0.5-sources.jar!/" />
    </SOURCES>
  </library>
</component>