<component name="libraryTable">
  <library name="runner-0.5">
    <CLASSES>
      <root url="file://$USER_HOME$/.android/build-cache/0f62a0259260de3cf1ccd388395af92175860fa3/output/res" />
      <root url="jar://$USER_HOME$/.android/build-cache/0f62a0259260de3cf1ccd388395af92175860fa3/output/jars/classes.jar!/" />
    </CLASSES>
    <JAVADOC />
    <SOURCES>
      <root url="jar://$USER_HOME$/AppData/Local/Android/sdk/extras/android/m2repository/com/android/support/test/runner/0.5/runner-0.5-sources.jar!/" />
    </SOURCES>
  </library>
</component>