<component name="libraryTable">
  <library name="support-media-compat-25.3.1">
    <CLASSES>
      <root url="jar://$USER_HOME$/.android/build-cache/8a26a04ecf0a533c4790e1519f0f76b1d74ba08b/output/jars/classes.jar!/" />
      <root url="file://$USER_HOME$/.android/build-cache/8a26a04ecf0a533c4790e1519f0f76b1d74ba08b/output/res" />
    </CLASSES>
    <JAVADOC />
    <SOURCES>
      <root url="jar://$USER_HOME$/AppData/Local/Android/sdk/extras/android/m2repository/com/android/support/support-media-compat/25.3.1/support-media-compat-25.3.1-sources.jar!/" />
    </SOURCES>
  </library>
</component>