<component name="libraryTable">
  <library name="support-compat-25.3.1">
    <CLASSES>
      <root url="jar://$USER_HOME$/.android/build-cache/7acde4cdd544b97ea4d2b3e4590dc61608f42d95/output/jars/classes.jar!/" />
      <root url="file://$USER_HOME$/.android/build-cache/7acde4cdd544b97ea4d2b3e4590dc61608f42d95/output/res" />
    </CLASSES>
    <JAVADOC />
    <SOURCES>
      <root url="jar://$USER_HOME$/AppData/Local/Android/sdk/extras/android/m2repository/com/android/support/support-compat/25.3.1/support-compat-25.3.1-sources.jar!/" />
    </SOURCES>
  </library>
</component>