<component name="libraryTable">
  <library name="support-vector-drawable-25.3.1">
    <CLASSES>
      <root url="file://$USER_HOME$/.android/build-cache/80fb85ca9c75f638c626c6cc31216c56d69484df/output/res" />
      <root url="jar://$USER_HOME$/.android/build-cache/80fb85ca9c75f638c626c6cc31216c56d69484df/output/jars/classes.jar!/" />
    </CLASSES>
    <JAVADOC />
    <SOURCES>
      <root url="jar://$USER_HOME$/AppData/Local/Android/sdk/extras/android/m2repository/com/android/support/support-vector-drawable/25.3.1/support-vector-drawable-25.3.1-sources.jar!/" />
    </SOURCES>
  </library>
</component>