<component name="libraryTable">
  <library name="support-annotations-25.3.1">
    <CLASSES>
      <root url="jar://$USER_HOME$/AppData/Local/Android/sdk/extras/android/m2repository/com/android/support/support-annotations/25.3.1/support-annotations-25.3.1.jar!/" />
    </CLASSES>
    <JAVADOC />
    <SOURCES>
      <root url="jar://$USER_HOME$/AppData/Local/Android/sdk/extras/android/m2repository/com/android/support/support-annotations/25.3.1/support-annotations-25.3.1-sources.jar!/" />
    </SOURCES>
  </library>
</component>