<component name="libraryTable">
  <library name="support-fragment-25.3.1">
    <CLASSES>
      <root url="file://$USER_HOME$/.android/build-cache/fc005706c1f22952da2dc8d23b3c0fbff31880ba/output/res" />
      <root url="jar://$USER_HOME$/.android/build-cache/fc005706c1f22952da2dc8d23b3c0fbff31880ba/output/jars/classes.jar!/" />
    </CLASSES>
    <JAVADOC />
    <SOURCES>
      <root url="jar://$USER_HOME$/AppData/Local/Android/sdk/extras/android/m2repository/com/android/support/support-fragment/25.3.1/support-fragment-25.3.1-sources.jar!/" />
    </SOURCES>
  </library>
</component>